ep,env,kills_rule,kills_br,winner,exposure_rule,exposure_br,mean_trace_P_rule,mean_trace_P_br
0,0,1,1,-1,4.4790497,2.6464365,0.0,0.0
0,1,1,1,0,4.487409,2.456947,0.0,6.4795203
0,2,1,1,-1,4.487409,2.56175,0.043315165,0.7868559
0,3,1,1,0,4.487409,2.4027884,0.0,6.385191
0,4,1,1,-1,4.487409,2.5615046,0.043184504,0.7868559
0,5,1,1,-1,4.487409,2.561489,0.043152288,0.7868559
0,6,1,1,-1,4.487409,2.5616364,0.04329691,0.7868559
0,7,1,1,-1,4.487409,2.5617583,0.043265272,0.7868559
1,0,1,1,-1,4.487409,2.5617344,0.043271758,0.7868559
1,1,1,1,-1,4.487409,2.5619361,0.04348696,0.7868559
1,2,1,1,-1,4.487409,2.5617976,0.043221824,0.7868559
1,3,1,1,-1,4.487409,2.561434,0.04318274,0.7868559
1,4,1,1,-1,4.487409,2.5618193,0.043262742,0.7868559
1,5,1,1,0,4.487409,2.39391,0.0,6.4740624
1,6,1,1,-1,4.487409,2.5615904,0.043188144,0.7868559
1,7,1,1,-1,4.487409,2.5613635,0.043186724,0.7868559
2,0,2,1,0,4.4647183,2.6274061,0.0,0.0
2,1,1,1,-1,4.487409,2.5616906,0.043264527,0.7868559
2,2,1,1,-1,4.487409,2.5617213,0.043379825,0.7868559
2,3,1,1,0,4.487409,2.4762774,0.0,5.2632084
2,4,1,1,-1,4.487409,2.5614903,0.043255188,0.7868559
2,5,1,1,0,4.5005465,2.363175,0.0,6.2538176
2,6,1,1,-1,4.487409,2.5616212,0.043379568,0.7868559
2,7,1,1,-1,4.487409,2.5615935,0.043414474,0.7868559
3,0,1,1,-1,4.4933805,2.6386874,0.0,0.0
3,1,1,1,0,4.487409,2.4273224,0.0,6.1881065
3,2,1,1,-1,4.487409,2.561642,0.043290094,0.7868559
3,3,1,1,-1,4.502935,2.629723,0.0,0.0
3,4,1,1,-1,4.487409,2.561684,0.043295313,0.7868559
3,5,2,1,0,4.464717,2.5942218,0.0,0.0
3,6,1,1,-1,4.487409,2.5618207,0.04331746,0.7868559
3,7,1,1,-1,4.4909925,2.6405048,0.0,0.0
4,0,1,1,-1,4.487409,2.5618916,0.043397184,0.7868559
4,1,1,1,-1,4.487409,2.5615268,0.043228768,0.7868559
4,2,1,1,-1,4.487409,2.561432,0.043236442,0.7868559
4,3,1,1,-1,4.487409,2.5617976,0.043286763,0.7868559
4,4,1,1,-1,4.4778557,2.6469493,0.0,0.0
4,5,1,1,-1,4.4957695,2.6369715,0.0,0.0
4,6,1,1,0,4.487409,2.5617228,0.0,1.0519437
4,7,1,1,-1,4.487409,2.5631595,0.043335516,0.7868559
5,0,1,1,-1,4.487409,2.5617173,0.043227088,0.7868559
5,1,1,1,-1,4.487409,2.5614264,0.04320076,0.7868559
5,2,1,1,0,4.5005465,2.3526936,0.0,6.5215087
5,3,1,1,-1,4.487409,2.5615354,0.043258004,0.7868559
5,4,1,1,-1,4.487409,2.561533,0.043287024,0.7868559
5,5,1,1,-1,4.487409,2.5618591,0.04335567,0.7868559
5,6,1,1,-1,4.487409,2.5617592,0.043347828,0.7868559
5,7,1,1,-1,4.487409,2.4707062,0.0,0.0
6,0,1,1,-1,4.4921865,2.637552,0.0,0.0
6,1,2,1,0,4.4647183,2.6389241,0.0,0.0
6,2,1,1,-1,4.487409,2.5616841,0.04325862,0.7868559
6,3,1,1,0,4.4957685,2.3848958,0.0,6.4745035
6,4,1,1,-1,4.502935,2.5814095,0.0,0.0
6,5,1,1,-1,4.487409,2.5617228,0.04326432,0.7868559
6,6,1,1,-1,4.487409,2.5615754,0.04322315,0.7868559
6,7,1,1,0,4.487409,2.4214087,0.0,5.928658
7,0,1,1,-1,4.487409,2.5616343,0.043189846,0.7868559
7,1,1,1,1,4.487409,2.5618184,0.040097993,0.0
7,2,2,1,0,4.4647183,2.63298,0.0,0.0
7,3,2,1,0,4.4647183,2.6433375,0.0,0.0
7,4,1,1,-1,4.487409,2.561564,0.04331654,0.7868559
7,5,1,1,-1,4.487409,2.5614748,0.04318274,0.7868559
7,6,1,1,-1,4.502935,2.6033783,0.0,0.0
7,7,1,1,-1,4.487409,2.5614886,0.04305491,0.7868559
8,0,2,1,0,4.4647183,2.6122208,0.0,0.0
8,1,1,1,-1,4.487409,2.5632195,0.043489877,0.7868559
8,2,1,1,-1,4.487409,2.5616715,0.043463048,0.7868559
8,3,1,1,-1,4.487409,2.5612037,0.04313805,0.7868559
8,4,1,1,-1,4.482633,2.6446078,0.0,0.0
8,5,1,1,-1,4.487409,2.56152,0.043336447,0.7868559
8,6,1,1,-1,4.487409,2.5616798,0.043357357,0.7868559
8,7,1,1,-1,4.487409,2.5618415,0.043258805,0.7868559
9,0,1,1,0,4.4957685,2.3948538,0.0,6.193377
9,1,1,1,1,4.471881,2.568209,0.018283064,0.0
9,2,1,1,-1,4.487409,2.5615146,0.043210424,0.7868559
9,3,1,1,-1,4.487409,2.5613449,0.043175697,0.7868559
9,4,1,1,0,4.487409,2.4125988,0.0,6.2881722
9,5,1,1,-1,4.487409,2.561631,0.043187775,0.7868559
9,6,1,1,-1,4.487409,2.5616539,0.043194924,0.7868559
9,7,1,1,0,4.492186,2.4018385,0.0,6.4936266
10,0,1,1,-1,4.487409,2.5617042,0.043296017,0.7868559
10,1,1,1,-1,4.487409,2.561628,0.043351136,0.7868559
10,2,2,1,0,4.4647183,2.6063962,0.0,0.0
10,3,1,1,-1,4.487409,2.56175,0.043166064,0.7868559
10,4,1,1,0,4.487409,2.403519,0.0,6.415459
10,5,1,1,-1,4.487409,2.5616689,0.04322874,0.7868559
10,6,1,1,-1,4.487409,2.5617661,0.043399744,0.7868559
10,7,1,1,-1,4.487409,2.4100842,0.0,0.0
11,0,1,1,-1,4.487409,2.561822,0.04332032,0.7868559
11,1,1,1,-1,4.487409,2.5616846,0.043385874,0.7868559
11,2,1,1,-1,4.487409,2.5618002,0.043402042,0.7868559
11,3,1,1,-1,4.487409,2.5616038,0.04317603,0.7868559
11,4,1,1,-1,4.487409,2.5615826,0.043250114,0.7868559
11,5,1,1,-1,4.487409,2.5615864,0.043292858,0.7868559
11,6,1,1,-1,4.487409,2.5612473,0.04304763,0.7868559
11,7,1,1,1,4.487409,2.5616689,0.040961053,0.0
12,0,1,1,0,4.487409,2.3984632,0.0,6.440911
12,1,1,1,0,4.487409,2.4177797,0.0,6.2703824
12,2,1,1,-1,4.487409,2.561692,0.043033596,0.7868559
12,3,1,1,-1,4.487409,2.5615747,0.043321975,0.7868559
12,4,1,1,-1,4.487409,2.5615566,0.043264046,0.7868559
12,5,2,1,0,4.4647164,2.5905886,0.0,0.0
12,6,1,1,-1,4.487409,2.5619578,0.043490104,0.7868559
12,7,1,1,-1,4.487409,2.561806,0.04337733,0.7868559
13,0,1,1,-1,4.487409,2.5615,0.043197967,0.7868559
13,1,1,1,0,4.487409,2.4139202,0.0,6.119872
13,2,1,1,-1,4.487409,2.5618489,0.043404732,0.7868559
13,3,1,1,-1,4.487409,2.5615616,0.043309372,0.7868559
13,4,1,1,0,4.487409,2.4159458,0.0,5.7680364
13,5,1,1,-1,4.487409,2.5618792,0.04337099,0.7868559
13,6,1,1,-1,4.487409,2.5616074,0.04318695,0.7868559
13,7,1,1,-1,4.487409,2.5616417,0.04323439,0.7868559
14,0,1,1,0,4.487409,2.5338123,0.0,2.5785975
14,1,1,1,-1,4.487409,2.561523,0.04317142,0.7868559
14,2,1,1,-1,4.487409,2.5617247,0.043424543,0.7868559
14,3,1,1,-1,4.487409,2.561727,0.043268755,0.7868559
14,4,1,1,-1,4.487409,2.561426,0.043273065,0.7868559
14,5,1,1,-1,4.4957695,2.635664,0.0,0.0
14,6,1,1,-1,4.487409,2.5617301,0.043347176,0.7868559
14,7,2,1,0,4.4647183,2.6538677,0.0,0.0
15,0,1,1,-1,4.487409,2.561703,0.043379124,0.7868559
15,1,1,1,-1,4.487409,2.5617907,0.043310568,0.7868559
15,2,1,1,-1,4.487409,2.5614743,0.043106027,0.7868559
15,3,1,1,0,4.492186,2.411977,0.0,6.014329
15,4,1,1,1,4.471881,2.5679708,0.018270034,0.0
15,5,1,1,0,4.499352,2.391488,0.0,6.1056476
15,6,1,1,-1,4.487409,2.5615976,0.043222707,0.7868559
15,7,1,1,-1,4.487409,2.561771,0.043362975,0.7868559
16,0,1,1,-1,4.487409,2.5616734,0.043068837,0.7868559
16,1,1,1,-1,4.487409,2.5618522,0.043208968,0.7868559
16,2,1,1,-1,4.487409,2.5615816,0.043357942,0.7868559
16,3,1,1,-1,4.487409,2.561699,0.04326968,0.7868559
16,4,1,1,-1,4.487409,2.5617433,0.04321847,0.7868559
16,5,1,1,-1,4.487409,2.5616677,0.04324242,0.7868559
16,6,1,1,-1,4.487409,2.561437,0.04324869,0.7868559
16,7,1,1,-1,4.487409,2.5616329,0.043226063,0.7868559
17,0,1,1,-1,4.487409,2.5614965,0.043325868,0.7868559
17,1,1,1,-1,4.487409,2.5618143,0.04339526,0.7868559
17,2,1,1,-1,4.487409,2.5616353,0.04326952,0.7868559
17,3,2,1,0,4.4647145,2.5819762,0.0,0.0
17,4,1,1,1,4.433665,2.7116647,0.017393861,0.0
17,5,2,1,0,4.4647183,2.6497586,0.0,0.0
17,6,1,1,-1,4.487409,2.5613773,0.043148518,0.7868559
17,7,1,1,-1,4.487409,2.5615294,0.0430549,0.7868559
18,0,1,1,-1,4.487409,2.5619047,0.043388285,0.7868559
18,1,1,1,-1,4.487409,2.5616105,0.043247156,0.7868559
18,2,2,1,0,4.4647183,2.6102579,0.0,0.0
18,3,1,1,0,4.499352,2.385582,0.0,5.559119
18,4,1,1,0,4.487409,2.4101775,0.0,5.8827434
18,5,1,1,-1,4.487409,2.5618238,0.043257985,0.7868559
18,6,1,1,-1,4.487409,2.5618293,0.043325216,0.7868559
18,7,1,1,-1,4.487409,2.561715,0.043436296,0.7868559
19,0,1,1,-1,4.487409,2.5614948,0.043236602,0.7868559
19,1,1,1,0,4.5005465,2.3627875,0.0,5.7385373
19,2,1,1,0,4.487409,2.4280722,0.0,6.301526
19,3,1,1,-1,4.487409,2.561507,0.043267116,0.7868559
19,4,1,1,-1,4.487409,2.5620365,0.043610934,0.7868559
19,5,1,1,-1,4.487409,2.5619342,0.043500353,0.7868559
19,6,1,1,0,4.487409,2.4209492,0.0,6.4479036
19,7,2,1,0,4.4647183,2.6111946,0.0,0.0
20,0,1,1,-1,4.487409,2.5615175,0.043273795,0.7868559
20,1,1,1,-1,4.487409,2.5618975,0.043488175,0.7868559
20,2,1,1,-1,4.487409,2.5612838,0.042999543,0.7868559
20,3,1,1,-1,4.487409,2.5618372,0.04334265,0.7868559
20,4,1,1,-1,4.487409,2.5617518,0.04325213,0.7868559
20,5,1,1,-1,4.487409,2.5618858,0.04335246,0.7868559
20,6,1,1,-1,4.487409,2.5615249,0.043185227,0.7868559
20,7,1,1,-1,4.487409,2.56165,0.043270987,0.7868559
21,0,1,1,1,4.47427,2.5660756,0.019453935,0.0
21,1,1,1,0,4.487409,2.4124696,0.0,6.441164
21,2,1,1,-1,4.487409,2.5617,0.043428365,0.7868559
21,3,1,1,0,4.487409,2.5427089,0.0,1.8395579
21,4,1,1,-1,4.487409,2.5616593,0.04330619,0.7868559
21,5,1,1,-1,4.487409,2.5616672,0.043091953,0.7868559
21,6,1,1,-1,4.487409,2.5615132,0.043133125,0.7868559
21,7,1,1,-1,4.4921865,2.637691,0.0,0.0
22,0,1,1,-1,4.47069,2.648847,0.0,0.0
22,1,1,1,-1,4.487409,2.5617907,0.043332532,0.7868559
22,2,1,1,-1,4.487409,2.561708,0.04337487,0.7868559
22,3,1,1,-1,4.487409,2.561409,0.04309808,0.7868559
22,4,1,1,-1,4.487409,2.5616302,0.043234844,0.7868559
22,5,1,1,-1,4.487409,2.5618935,0.043311536,0.7868559
22,6,2,1,0,4.4647183,2.6657898,0.0,0.0
22,7,1,1,-1,4.488604,2.6409848,0.0,0.0
23,0,1,1,-1,4.487409,2.5619643,0.043368474,0.7868559
23,1,2,1,0,4.4647183,2.6527202,0.0,0.0
23,2,1,1,-1,4.487409,2.5614834,0.042989034,0.7868559
23,3,1,1,-1,4.487409,2.5616434,0.043211065,0.7868559
23,4,2,1,0,4.4647183,2.6086545,0.0,0.0
23,5,1,1,-1,4.487409,2.56201,0.043493893,0.7868559
23,6,1,1,-1,4.487409,2.561349,0.0431287,0.7868559
23,7,1,1,-1,4.487409,2.5615265,0.0432205,0.7868559
24,0,1,1,-1,4.487409,2.5617085,0.043280315,0.7868559
24,1,2,1,0,4.464714,2.5759711,0.0,0.0
24,2,1,1,-1,4.487409,2.5617146,0.043407757,0.7868559
24,3,1,1,-1,4.467107,2.6717172,0.0,0.0
24,4,1,1,-1,4.487409,2.5616326,0.043251522,0.7868559
24,5,1,1,-1,4.487409,2.561376,0.04323366,0.7868559
24,6,1,1,-1,4.487409,2.5614977,0.043318488,0.7868559
24,7,1,1,-1,4.47069,2.6507144,0.0,0.0
25,0,1,1,-1,4.487409,2.5617976,0.043347012,0.7868559
25,1,1,1,0,4.487409,2.4353204,0.0,5.6331086
25,2,1,1,-1,4.487409,2.5619233,0.043364726,0.7868559
25,3,1,1,-1,4.487409,2.5618303,0.04327558,0.7868559
25,4,2,1,0,4.4647183,2.6475816,0.0,0.0
25,5,1,1,-1,4.487409,2.561553,0.043218713,0.7868559
25,6,1,1,-1,4.487409,2.5614836,0.04321105,0.7868559
25,7,1,1,-1,4.487409,2.5614738,0.0431105,0.7868559
26,0,1,1,-1,4.487409,2.5616846,0.043287817,0.7868559
26,1,1,1,-1,4.487409,2.5617085,0.04336835,0.7868559
26,2,2,1,0,4.4647183,2.60152,0.0,0.0
26,3,2,1,0,4.4647183,2.609906,0.0,0.0
26,4,1,1,-1,4.502935,2.5936415,0.0,0.0
26,5,1,1,-1,4.487409,2.561725,0.04314346,0.7868559
26,6,2,1,0,4.4647183,2.606463,0.0,0.0
26,7,1,1,-1,4.487409,2.5615382,0.04304299,0.7868559
27,0,2,1,0,4.4647164,2.5935793,0.0,0.0
27,1,1,1,0,4.4897976,2.406438,0.0,5.8819447
27,2,1,1,-1,4.487409,2.561757,0.04336892,0.7868559
27,3,1,1,-1,4.487409,2.561269,0.04326465,0.7868559
27,4,1,1,0,4.487409,2.4071145,0.0,6.3876967
27,5,1,1,-1,4.487409,2.5618582,0.0434215,0.7868559
27,6,1,1,-1,4.487409,2.5617654,0.0432833,0.7868559
27,7,1,1,1,4.487409,2.5616913,0.039954197,0.0
28,0,1,1,-1,4.487409,2.5615964,0.043354426,0.7868559
28,1,1,1,0,4.5005465,2.3948328,0.0,5.9664607
28,2,1,1,-1,4.487409,2.5617812,0.043343976,0.7868559
28,3,1,1,-1,4.487409,2.5615659,0.043420654,0.7868559
28,4,1,1,-1,4.487409,2.561753,0.043459713,0.7868559
28,5,1,1,-1,4.487409,2.5615695,0.043414675,0.7868559
28,6,1,1,-1,4.487409,2.5616422,0.04316438,0.7868559
28,7,1,1,-1,4.487409,2.5618684,0.043267015,0.7868559
29,0,1,1,-1,4.487409,2.5615065,0.04331081,0.7868559
29,1,1,1,0,4.487409,2.402311,0.0,5.7394075
29,2,1,1,-1,4.487409,2.561313,0.04314012,0.7868559
29,3,2,1,0,4.4647183,2.6261263,0.0,0.0
29,4,1,1,-1,4.487409,2.561685,0.043182008,0.7868559
29,5,1,1,-1,4.487409,2.561637,0.04320632,0.7868559
29,6,1,1,-1,4.487409,2.5615628,0.043189093,0.7868559
29,7,1,1,-1,4.487409,2.5618289,0.043383006,0.7868559
